{
  "EUCM": {
    "fx": 190.89618687183938,
    "fy": 190.87022285882367,
    "cx": 254.9375370481962,
    "cy": 256.86414483060787,
    "alpha": 0.6283550447635853,
    "beta": 1.0458678747533083,
    "width": 512,
    "height": 512
  }
}