{
  "EUCM": {
    "fx": 190.28225119174908,
    "fy": 190.24433342367266,
    "cx": 252.58698029794184,
    "cy": 255.00661648870613,
    "alpha": 0.6278324184009648,
    "beta": 1.043827798877542,
    "width": 512,
    "height": 512
  }
}